use SUPERMARKET;

INSERT INTO usuarios 
VALUE ('admin','1234'),
	  ('admin2','4321');


INSERT INTO categoria
VALUE('CA01', 'CATEGORÍA DE ALIMENTOS'),
	('CA02','CATEGORÍA DE BEBIDAS'),
    ('CA03','CATEGORÍA DE CUIDADO PERSONAL'),
    ('CA04','CATEGORÍA DE GOLOSINAS');
    
INSERT INTO proveedor
VALUE ('1234567891001','Alimentos la Europea','0988523145'),
	  ('9876543212001','Pesca. Santa Priscila','0984512675'),
      ('9638527415001','Bimbo Ecuador','0996351247'),
      ('1528749631001','Lácteos Kaarufoods','0989895421'),
      ('9876543259001','La pequeña Granja','0952499851'),
      ('9611458795001','Corporación Favorita','0988856321'),
      ('1245876395001','Pronaca','0998556621'),
      ('1555889962001','Karitas Bonitas','0998598821');

      
INSERT INTO producto 
VALUE('P-001','Chorizo Jalapeño',50,3.67,'CA01','1234567891001'),
	 ('P-002','Parrilada',50,3.29,'CA01','1234567891001'),
     ('P-003','Morcilla cuencana',30,2.13,'CA01','1234567891001'),
     ('P-004','Pio Huevos',100,2.20,'CA01','9876543259001'),
     ('P-005','Moderna Pan Artesanal',60,2.22,'CA01','9638527415001'),
     ('P-006','Pan Cero Cero',70,2.47,'CA01','9638527415001'),
     ('P-007','Mix Frutos Secos',40,4.43,'CA01','9876543259001'),
     ('P-008','Piernas de pavo',15,8.99,'CA01','1245876395001'),
     ('P-009','Pollo',100,7.60,'CA01','1245876395001'),
     ('P-010','Garbanzo enlatado',18,1.40,'CA01','1245876395001'),
     ('P-011','Filete de pescado',110,3.60,'CA01','9876543212001'),
     ('P-012','Camaron',80,4.50,'CA01','9876543212001'),
     ('P-013','Corvina',70,3.50,'CA01','9876543212001'),
     ('P-014','Queso Crema',100,2.30,'CA01','1528749631001'),
     ('P-015','Queso Mozzarella',50,3.75,'CA01','1528749631001'),
     ('P-016','Cereal',120,1.10,'CA01','1528749631001'),
     ('P-017','Quintal Arroz',200,40.20,'CA01','9876543259001'),
     ('P-018','Fideos',100,1.30,'CA01','9876543259001'),
     ('P-019','Aceite',20,3.10,'CA01','9611458795001'),
     ('P-020','Margarina',30,2.58,'CA01','9611458795001'),
     ('P-021','Red Bull empaque',100,7.20,'CA02','1528749631001'),
     ('P-022','Nescafe',150,5.32,'CA02','9876543259001'),
     ('P-023','Colcafe Cappuccino',50,6.34,'CA02','9876543259001'),
     ('P-024','Alpina Avena Líquida',50,0.97,'CA02','1245876395001'),
     ('P-025','Choco Listo',60,3.17,'CA02','1245876395001'),
     ('P-026','Guitig',100,0.35,'CA02','1245876395001'),
     ('P-027','Agua Cielo',200,0.30,'CA02','9876543259001'),
     ('P-028','Leche vegetal',100,2.30,'CA02','1528749631001'),
     ('P-029','Yogurt',120,1.10,'CA02','1528749631001'),
     ('P-030','Guayusa',18,0.80,'CA02','9876543259001'),
     ('P-031','Vive100',30,1.20,'CA02','1234567891001'),
     ('P-032','Marqués de Casa',40,36.76,'CA02','1234567891001'),
     ('P-033','Coca Cola',100,1.50,'CA02','1234567891001'),
     ('P-034','Gatorade',110,1.20,'CA02','9611458795001'),
     ('P-035','Lenteja',60,0.80,'CA02','1234567891001'),
     ('P-036','Quinoa',50,0.96,'CA02','1234567891001'),
     ('P-037','Cebada',30,1.10,'CA02','1234567891001'),
     ('P-038','Frejol',40,1.20,'CA02','9876543259001'),
     ('P-039','Arbeja',70,0.80,'CA02','9876543259001'),
     ('P-040','Tallarín',80,1.00,'CA02','9876543259001'),
     ('P-041','Chocolates nestle',100,0.70,'CA04','9876543259001'),
     ('P-042','Premezcla tarta de natanja',50,2.60,'CA04','1234567891001'),
     ('P-043','Papas Ruffles',200,0.55,'CA04','1234567891001'),
     ('P-044','Chifles',80,0.55,'CA04','9611458795001'),
     ('P-045','Chifles dulces',40,0.55,'CA04','1234567891001'),
     ('P-046','Pop corn',20,0.25,'CA04','1528749631001'),
     ('P-047','Chupetes paquete',40,1.00,'CA04','1234567891001'),
     ('P-048','Tigretton',20,0.85,'CA04','1234567891001'),
     ('P-049','Caramelos paquete',40,1.50,'CA04','1234567891001'),
     ('P-050','Orejas de pan',10,0.75,'CA04','1234567891001'),
     ('P-051','Galletas maria',15,1.20,'CA04','1234567891001'),
     ('P-052','Galletas amor',20,1.30,'CA04','1234567891001'),
     ('P-053','Doritos',42,0.55,'CA04','1234567891001'),
     ('P-054','Doritos de Limón',30,0.55,'CA04','1234567891001'),
     ('P-055','Nucita Paquete',50,1.99,'CA04','1234567891001'),
     ('P-056','Manicho',33,0.75,'CA04','1234567891001'),
     ('P-057','Chicles GOGO',40,0.15,'CA04','1234567891001'),
     ('P-058','Trident',20,0.49,'CA04','1234567891001'),
     ('P-059','Rocklets',40,0.49,'CA04','1234567891001'),
     ('P-060','Leche Toni',80,0.60,'CA04','1234567891001'),
     ('P-061','Nachos',50,0.55,'CA04','1234567891001'),
     ('P-062','Cheetos',60,0.55,'CA04','1234567891001'),
     ('P-063','Chitos',40,0.45,'CA04','1234567891001'),
     ('P-064','Empanadas',40,0.35,'CA04','1234567891001'),
     ('P-065','Rosquillas',50,0.60,'CA04','1234567891001'),
     ('P-066','Shampoo',30,4.59,'CA03','1555889962001'),
     ('P-067','Desodorante DOVE',40,4.23,'CA03','1555889962001'),
     ('P-068','PONDS Crema',20,3.36,'CA03','1555889962001'),
     ('P-069','Crema rejuvenecedora PONDS',36,4.31,'CA03','1555889962001'),
     ('P-070','Toallas Nosotras',40,2.38,'CA03','1555889962001'),
     ('P-071','Gel EGO',15,4.13,'CA03','1555889962001'),
     ('P-072','Afeitadora Venus',40,5.77,'CA03','1555889962001'),
     ('P-073','Listerine Enguaje Bucal',30,5.05,'CA03','1555889962001'),
     ('P-074','Toallas desmaquilladoras',40,6.20,'CA03','1555889962001'),
     ('P-075','Algodon en disco',50,2.10,'CA03','1555889962001'),
     ('P-076','NIVEA Agua Micelar',60,5.59,'CA03','1555889962001'),
     ('P-077','Pasta dental Colgate',20,1.25,'CA03','1555889962001'),
     ('P-078','Cepillos dentales',52,1.50,'CA03','1555889962001'),
     ('P-079','Hilo dental',60,4.32,'CA03','1555889962001'),
     ('P-080','Bloqueador Solar',50,23.40,'CA03','1555889962001'),
     ('P-081','Base de maquillaje',30,15.60,'CA03','1555889962001'),
     ('P-082','Pintalabios',10,4.50,'CA03','1555889962001'),
     ('P-083','Brillo labial',20,3.85,'CA03','1555889962001'),
     ('P-084','Rímel',40,12.30,'CA03','1555889962001'),
     ('P-085','Sombra de ojos',60,25.99,'CA03','1555889962001'),
     ('P-086','Buscapina',50,0.80,'CA03','1555889962001'),
     ('P-087','Paracetamol',88,0.30,'CA03','1555889962001'),
     ('P-088','Ibuprofeno',100,0.63,'CA03','1555889962001'),
     ('P-089','Shots energéticos de gengibre',99,0.62,'CA03','1555889962001'),
     ('P-090','Ginsej',50,0.69,'CA03','1555889962001'),
     ('P-091','Brocoli',40,0.99,'CA01','9876543259001'),
     ('P-092','Coliflor',50,1.00,'CA01','9876543259001'),
     ('P-093','Frutillas',100,1.00,'CA01','9876543259001'),
     ('P-094','Uvas',80,1.00,'CA01','9876543259001'),
     ('P-095','Melón',30,0.90,'CA01','9876543259001'),
     ('P-096','Manzana',40,0.30,'CA01','9876543259001'),
     ('P-097','Papaya',50,0.85,'CA01','9876543259001'),
     ('P-098','Morocho',69,0.99,'CA01','9876543259001'),
     ('P-099','Trigo',84,1.20,'CA01','9876543259001'),
     ('P-100','Atún',89,1.60,'CA01','9876543259001');
     
